<application>
  <component name="ProjectJdkTable">
    <jdk version="2">
      <name value="Android API 24 Platform" />
      <type value="Android SDK" />
      <version value="version 1.8.0_302" />
      <homePath value="$USER_HOME$/AppData/Local/Android/Sdk" />
      <roots>
        <annotationsPath>
          <root type="composite">
            <root url="jar://$APPLICATION_HOME_DIR$/plugins/android/resources/androidAnnotations.jar!/" type="simple" />
          </root>
        </annotationsPath>
        <classPath>
          <root type="composite">
            <root url="jar://$USER_HOME$/AppData/Local/Android/Sdk/platforms/android-24/android.jar!/" type="simple" />
            <root url="file://$USER_HOME$/AppData/Local/Android/Sdk/platforms/android-24/data/res" type="simple" />
          </root>
        </classPath>
        <javadocPath>
          <root type="composite" />
        </javadocPath>
        <sourcePath>
          <root type="composite">
            <root url="file://$USER_HOME$/AppData/Local/Android/Sdk/sources/android-24" type="simple" />
          </root>
        </sourcePath>
      </roots>
      <additional jdk="1.8" sdk="android-24" />
    </jdk>
    <jdk version="2">
      <name value="Android API 25 Platform" />
      <type value="Android SDK" />
      <version value="version 1.8.0_302" />
      <homePath value="$USER_HOME$/AppData/Local/Android/Sdk" />
      <roots>
        <annotationsPath>
          <root type="composite">
            <root url="jar://$APPLICATION_HOME_DIR$/plugins/android/resources/androidAnnotations.jar!/" type="simple" />
          </root>
        </annotationsPath>
        <classPath>
          <root type="composite">
            <root url="jar://$USER_HOME$/AppData/Local/Android/Sdk/platforms/android-25/android.jar!/" type="simple" />
            <root url="file://$USER_HOME$/AppData/Local/Android/Sdk/platforms/android-25/data/res" type="simple" />
          </root>
        </classPath>
        <javadocPath>
          <root type="composite" />
        </javadocPath>
        <sourcePath>
          <root type="composite">
            <root url="file://$USER_HOME$/AppData/Local/Android/Sdk/sources/android-25" type="simple" />
          </root>
        </sourcePath>
      </roots>
      <additional jdk="1.8" sdk="android-25" />
    </jdk>
    <jdk version="2">
      <name value="Android API 26 Platform" />
      <type value="Android SDK" />
      <version value="version 1.8.0_302" />
      <homePath value="$USER_HOME$/AppData/Local/Android/Sdk" />
      <roots>
        <annotationsPath>
          <root type="composite">
            <root url="jar://$APPLICATION_HOME_DIR$/plugins/android/resources/androidAnnotations.jar!/" type="simple" />
          </root>
        </annotationsPath>
        <classPath>
          <root type="composite">
            <root url="jar://$USER_HOME$/AppData/Local/Android/Sdk/platforms/android-26/android.jar!/" type="simple" />
            <root url="file://$USER_HOME$/AppData/Local/Android/Sdk/platforms/android-26/data/res" type="simple" />
          </root>
        </classPath>
        <javadocPath>
          <root type="composite" />
        </javadocPath>
        <sourcePath>
          <root type="composite">
            <root url="file://$USER_HOME$/AppData/Local/Android/Sdk/sources/android-26" type="simple" />
          </root>
        </sourcePath>
      </roots>
      <additional jdk="1.8" sdk="android-26" />
    </jdk>
    <jdk version="2">
      <name value="Android API 28 Platform" />
      <type value="Android SDK" />
      <version value="java version &quot;13.0.2&quot;" />
      <homePath value="$USER_HOME$/AppData/Local/Android/Sdk" />
      <roots>
        <annotationsPath>
          <root type="composite">
            <root url="jar://$USER_HOME$/AppData/Local/Android/Sdk/platforms/android-28/data/annotations.zip!/" type="simple" />
          </root>
        </annotationsPath>
        <classPath>
          <root type="composite">
            <root url="jar://$USER_HOME$/AppData/Local/Android/Sdk/platforms/android-28/android.jar!/" type="simple" />
            <root url="file://$USER_HOME$/AppData/Local/Android/Sdk/platforms/android-28/data/res" type="simple" />
          </root>
        </classPath>
        <javadocPath>
          <root type="composite" />
        </javadocPath>
        <sourcePath>
          <root type="composite">
            <root url="file://$USER_HOME$/AppData/Local/Android/Sdk/sources/android-28" type="simple" />
          </root>
        </sourcePath>
      </roots>
      <additional jdk="1.8" sdk="android-28" />
    </jdk>
    <jdk version="2">
      <name value="Android API 29 Platform" />
      <type value="Android SDK" />
      <version value="version 13.0.2" />
      <homePath value="$USER_HOME$/AppData/Local/Android/Sdk" />
      <roots>
        <annotationsPath>
          <root type="composite">
            <root url="jar://$USER_HOME$/AppData/Local/Android/Sdk/platforms/android-29/data/annotations.zip!/" type="simple" />
          </root>
        </annotationsPath>
        <classPath>
          <root type="composite">
            <root url="jar://$USER_HOME$/AppData/Local/Android/Sdk/platforms/android-29/android.jar!/" type="simple" />
            <root url="file://$USER_HOME$/AppData/Local/Android/Sdk/platforms/android-29/data/res" type="simple" />
          </root>
        </classPath>
        <javadocPath>
          <root type="composite" />
        </javadocPath>
        <sourcePath>
          <root type="composite">
            <root url="file://$USER_HOME$/AppData/Local/Android/Sdk/sources/android-29" type="simple" />
          </root>
        </sourcePath>
      </roots>
      <additional jdk="1.8" sdk="android-29" />
    </jdk>
    <jdk version="2">
      <name value="Android API 30 Platform" />
      <type value="Android SDK" />
      <version value="java version &quot;13.0.2&quot;" />
      <homePath value="$USER_HOME$/AppData/Local/Android/Sdk" />
      <roots>
        <annotationsPath>
          <root type="composite">
            <root url="jar://$USER_HOME$/AppData/Local/Android/Sdk/platforms/android-30/data/annotations.zip!/" type="simple" />
          </root>
        </annotationsPath>
        <classPath>
          <root type="composite">
            <root url="jar://$USER_HOME$/AppData/Local/Android/Sdk/platforms/android-30/android.jar!/" type="simple" />
            <root url="file://$USER_HOME$/AppData/Local/Android/Sdk/platforms/android-30/data/res" type="simple" />
          </root>
        </classPath>
        <javadocPath>
          <root type="composite" />
        </javadocPath>
        <sourcePath>
          <root type="composite">
            <root url="file://$USER_HOME$/AppData/Local/Android/Sdk/sources/android-30" type="simple" />
          </root>
        </sourcePath>
      </roots>
      <additional jdk="1.8" sdk="android-30" />
    </jdk>
    <jdk version="2">
      <name value="Android API 31 Platform" />
      <type value="Android SDK" />
      <version value="java version &quot;13.0.2&quot;" />
      <homePath value="$USER_HOME$/AppData/Local/Android/Sdk" />
      <roots>
        <annotationsPath>
          <root type="composite">
            <root url="jar://$USER_HOME$/AppData/Local/Android/Sdk/platforms/android-31/data/annotations.zip!/" type="simple" />
          </root>
        </annotationsPath>
        <classPath>
          <root type="composite">
            <root url="jar://$USER_HOME$/AppData/Local/Android/Sdk/platforms/android-31/android.jar!/" type="simple" />
            <root url="file://$USER_HOME$/AppData/Local/Android/Sdk/platforms/android-31/data/res" type="simple" />
          </root>
        </classPath>
        <javadocPath>
          <root type="composite" />
        </javadocPath>
        <sourcePath>
          <root type="composite">
            <root url="file://$USER_HOME$/AppData/Local/Android/Sdk/sources/android-31" type="simple" />
          </root>
        </sourcePath>
      </roots>
      <additional jdk="1.8" sdk="android-31" />
    </jdk>
    <jdk version="2">
      <name value="Embedded JDK" />
      <type value="JavaSDK" />
      <version value="version 11.0.10" />
      <homePath value="$APPLICATION_HOME_DIR$/jre" />
      <roots>
        <annotationsPath>
          <root type="composite">
            <root url="jar://$APPLICATION_HOME_DIR$/plugins/java/lib/jdkAnnotations.jar!/" type="simple" />
          </root>
        </annotationsPath>
        <classPath>
          <root type="composite">
            <root url="jrt://D:/AdnroidStudio/jre!/java.base" type="simple" />
            <root url="jrt://D:/AdnroidStudio/jre!/java.compiler" type="simple" />
            <root url="jrt://D:/AdnroidStudio/jre!/java.datatransfer" type="simple" />
            <root url="jrt://D:/AdnroidStudio/jre!/java.desktop" type="simple" />
            <root url="jrt://D:/AdnroidStudio/jre!/java.instrument" type="simple" />
            <root url="jrt://D:/AdnroidStudio/jre!/java.logging" type="simple" />
            <root url="jrt://D:/AdnroidStudio/jre!/java.management" type="simple" />
            <root url="jrt://D:/AdnroidStudio/jre!/java.management.rmi" type="simple" />
            <root url="jrt://D:/AdnroidStudio/jre!/java.naming" type="simple" />
            <root url="jrt://D:/AdnroidStudio/jre!/java.net.http" type="simple" />
            <root url="jrt://D:/AdnroidStudio/jre!/java.prefs" type="simple" />
            <root url="jrt://D:/AdnroidStudio/jre!/java.rmi" type="simple" />
            <root url="jrt://D:/AdnroidStudio/jre!/java.scripting" type="simple" />
            <root url="jrt://D:/AdnroidStudio/jre!/java.se" type="simple" />
            <root url="jrt://D:/AdnroidStudio/jre!/java.security.jgss" type="simple" />
            <root url="jrt://D:/AdnroidStudio/jre!/java.security.sasl" type="simple" />
            <root url="jrt://D:/AdnroidStudio/jre!/java.smartcardio" type="simple" />
            <root url="jrt://D:/AdnroidStudio/jre!/java.sql" type="simple" />
            <root url="jrt://D:/AdnroidStudio/jre!/java.sql.rowset" type="simple" />
            <root url="jrt://D:/AdnroidStudio/jre!/java.transaction.xa" type="simple" />
            <root url="jrt://D:/AdnroidStudio/jre!/java.xml" type="simple" />
            <root url="jrt://D:/AdnroidStudio/jre!/java.xml.crypto" type="simple" />
            <root url="jrt://D:/AdnroidStudio/jre!/jdk.accessibility" type="simple" />
            <root url="jrt://D:/AdnroidStudio/jre!/jdk.aot" type="simple" />
            <root url="jrt://D:/AdnroidStudio/jre!/jdk.attach" type="simple" />
            <root url="jrt://D:/AdnroidStudio/jre!/jdk.charsets" type="simple" />
            <root url="jrt://D:/AdnroidStudio/jre!/jdk.compiler" type="simple" />
            <root url="jrt://D:/AdnroidStudio/jre!/jdk.crypto.cryptoki" type="simple" />
            <root url="jrt://D:/AdnroidStudio/jre!/jdk.crypto.ec" type="simple" />
            <root url="jrt://D:/AdnroidStudio/jre!/jdk.dynalink" type="simple" />
            <root url="jrt://D:/AdnroidStudio/jre!/jdk.hotspot.agent" type="simple" />
            <root url="jrt://D:/AdnroidStudio/jre!/jdk.httpserver" type="simple" />
            <root url="jrt://D:/AdnroidStudio/jre!/jdk.internal.ed" type="simple" />
            <root url="jrt://D:/AdnroidStudio/jre!/jdk.internal.jvmstat" type="simple" />
            <root url="jrt://D:/AdnroidStudio/jre!/jdk.internal.le" type="simple" />
            <root url="jrt://D:/AdnroidStudio/jre!/jdk.internal.opt" type="simple" />
            <root url="jrt://D:/AdnroidStudio/jre!/jdk.internal.vm.ci" type="simple" />
            <root url="jrt://D:/AdnroidStudio/jre!/jdk.internal.vm.compiler" type="simple" />
            <root url="jrt://D:/AdnroidStudio/jre!/jdk.internal.vm.compiler.management" type="simple" />
            <root url="jrt://D:/AdnroidStudio/jre!/jdk.jartool" type="simple" />
            <root url="jrt://D:/AdnroidStudio/jre!/jdk.javadoc" type="simple" />
            <root url="jrt://D:/AdnroidStudio/jre!/jdk.jdeps" type="simple" />
            <root url="jrt://D:/AdnroidStudio/jre!/jdk.jdi" type="simple" />
            <root url="jrt://D:/AdnroidStudio/jre!/jdk.jdwp.agent" type="simple" />
            <root url="jrt://D:/AdnroidStudio/jre!/jdk.jfr" type="simple" />
            <root url="jrt://D:/AdnroidStudio/jre!/jdk.jlink" type="simple" />
            <root url="jrt://D:/AdnroidStudio/jre!/jdk.jsobject" type="simple" />
            <root url="jrt://D:/AdnroidStudio/jre!/jdk.localedata" type="simple" />
            <root url="jrt://D:/AdnroidStudio/jre!/jdk.management" type="simple" />
            <root url="jrt://D:/AdnroidStudio/jre!/jdk.management.agent" type="simple" />
            <root url="jrt://D:/AdnroidStudio/jre!/jdk.management.jfr" type="simple" />
            <root url="jrt://D:/AdnroidStudio/jre!/jdk.naming.dns" type="simple" />
            <root url="jrt://D:/AdnroidStudio/jre!/jdk.naming.rmi" type="simple" />
            <root url="jrt://D:/AdnroidStudio/jre!/jdk.net" type="simple" />
            <root url="jrt://D:/AdnroidStudio/jre!/jdk.pack" type="simple" />
            <root url="jrt://D:/AdnroidStudio/jre!/jdk.scripting.nashorn" type="simple" />
            <root url="jrt://D:/AdnroidStudio/jre!/jdk.scripting.nashorn.shell" type="simple" />
            <root url="jrt://D:/AdnroidStudio/jre!/jdk.sctp" type="simple" />
            <root url="jrt://D:/AdnroidStudio/jre!/jdk.security.auth" type="simple" />
            <root url="jrt://D:/AdnroidStudio/jre!/jdk.security.jgss" type="simple" />
            <root url="jrt://D:/AdnroidStudio/jre!/jdk.unsupported" type="simple" />
            <root url="jrt://D:/AdnroidStudio/jre!/jdk.xml.dom" type="simple" />
            <root url="jrt://D:/AdnroidStudio/jre!/jdk.zipfs" type="simple" />
          </root>
        </classPath>
        <javadocPath>
          <root type="composite" />
        </javadocPath>
        <sourcePath>
          <root type="composite" />
        </sourcePath>
      </roots>
      <additional />
    </jdk>
    <jdk version="2">
      <name value="11" />
      <type value="JavaSDK" />
      <version value="version 11.0.12" />
      <homePath value="$APPLICATION_HOME_DIR$/jre" />
      <roots>
        <annotationsPath>
          <root type="composite">
            <root url="jar://$APPLICATION_HOME_DIR$/plugins/java/lib/jdkAnnotations.jar!/" type="simple" />
          </root>
        </annotationsPath>
        <classPath>
          <root type="composite">
            <root url="jrt://C:/Program Files/Android/Android Studio/jre!/java.base" type="simple" />
            <root url="jrt://C:/Program Files/Android/Android Studio/jre!/java.compiler" type="simple" />
            <root url="jrt://C:/Program Files/Android/Android Studio/jre!/java.datatransfer" type="simple" />
            <root url="jrt://C:/Program Files/Android/Android Studio/jre!/java.desktop" type="simple" />
            <root url="jrt://C:/Program Files/Android/Android Studio/jre!/java.instrument" type="simple" />
            <root url="jrt://C:/Program Files/Android/Android Studio/jre!/java.logging" type="simple" />
            <root url="jrt://C:/Program Files/Android/Android Studio/jre!/java.management" type="simple" />
            <root url="jrt://C:/Program Files/Android/Android Studio/jre!/java.management.rmi" type="simple" />
            <root url="jrt://C:/Program Files/Android/Android Studio/jre!/java.naming" type="simple" />
            <root url="jrt://C:/Program Files/Android/Android Studio/jre!/java.net.http" type="simple" />
            <root url="jrt://C:/Program Files/Android/Android Studio/jre!/java.prefs" type="simple" />
            <root url="jrt://C:/Program Files/Android/Android Studio/jre!/java.rmi" type="simple" />
            <root url="jrt://C:/Program Files/Android/Android Studio/jre!/java.scripting" type="simple" />
            <root url="jrt://C:/Program Files/Android/Android Studio/jre!/java.se" type="simple" />
            <root url="jrt://C:/Program Files/Android/Android Studio/jre!/java.security.jgss" type="simple" />
            <root url="jrt://C:/Program Files/Android/Android Studio/jre!/java.security.sasl" type="simple" />
            <root url="jrt://C:/Program Files/Android/Android Studio/jre!/java.smartcardio" type="simple" />
            <root url="jrt://C:/Program Files/Android/Android Studio/jre!/java.sql" type="simple" />
            <root url="jrt://C:/Program Files/Android/Android Studio/jre!/java.sql.rowset" type="simple" />
            <root url="jrt://C:/Program Files/Android/Android Studio/jre!/java.transaction.xa" type="simple" />
            <root url="jrt://C:/Program Files/Android/Android Studio/jre!/java.xml" type="simple" />
            <root url="jrt://C:/Program Files/Android/Android Studio/jre!/java.xml.crypto" type="simple" />
            <root url="jrt://C:/Program Files/Android/Android Studio/jre!/jdk.accessibility" type="simple" />
            <root url="jrt://C:/Program Files/Android/Android Studio/jre!/jdk.aot" type="simple" />
            <root url="jrt://C:/Program Files/Android/Android Studio/jre!/jdk.attach" type="simple" />
            <root url="jrt://C:/Program Files/Android/Android Studio/jre!/jdk.charsets" type="simple" />
            <root url="jrt://C:/Program Files/Android/Android Studio/jre!/jdk.compiler" type="simple" />
            <root url="jrt://C:/Program Files/Android/Android Studio/jre!/jdk.crypto.cryptoki" type="simple" />
            <root url="jrt://C:/Program Files/Android/Android Studio/jre!/jdk.crypto.ec" type="simple" />
            <root url="jrt://C:/Program Files/Android/Android Studio/jre!/jdk.dynalink" type="simple" />
            <root url="jrt://C:/Program Files/Android/Android Studio/jre!/jdk.hotspot.agent" type="simple" />
            <root url="jrt://C:/Program Files/Android/Android Studio/jre!/jdk.httpserver" type="simple" />
            <root url="jrt://C:/Program Files/Android/Android Studio/jre!/jdk.internal.ed" type="simple" />
            <root url="jrt://C:/Program Files/Android/Android Studio/jre!/jdk.internal.jvmstat" type="simple" />
            <root url="jrt://C:/Program Files/Android/Android Studio/jre!/jdk.internal.le" type="simple" />
            <root url="jrt://C:/Program Files/Android/Android Studio/jre!/jdk.internal.opt" type="simple" />
            <root url="jrt://C:/Program Files/Android/Android Studio/jre!/jdk.internal.vm.ci" type="simple" />
            <root url="jrt://C:/Program Files/Android/Android Studio/jre!/jdk.internal.vm.compiler" type="simple" />
            <root url="jrt://C:/Program Files/Android/Android Studio/jre!/jdk.internal.vm.compiler.management" type="simple" />
            <root url="jrt://C:/Program Files/Android/Android Studio/jre!/jdk.jartool" type="simple" />
            <root url="jrt://C:/Program Files/Android/Android Studio/jre!/jdk.javadoc" type="simple" />
            <root url="jrt://C:/Program Files/Android/Android Studio/jre!/jdk.jdeps" type="simple" />
            <root url="jrt://C:/Program Files/Android/Android Studio/jre!/jdk.jdi" type="simple" />
            <root url="jrt://C:/Program Files/Android/Android Studio/jre!/jdk.jdwp.agent" type="simple" />
            <root url="jrt://C:/Program Files/Android/Android Studio/jre!/jdk.jfr" type="simple" />
            <root url="jrt://C:/Program Files/Android/Android Studio/jre!/jdk.jlink" type="simple" />
            <root url="jrt://C:/Program Files/Android/Android Studio/jre!/jdk.jsobject" type="simple" />
            <root url="jrt://C:/Program Files/Android/Android Studio/jre!/jdk.localedata" type="simple" />
            <root url="jrt://C:/Program Files/Android/Android Studio/jre!/jdk.management" type="simple" />
            <root url="jrt://C:/Program Files/Android/Android Studio/jre!/jdk.management.agent" type="simple" />
            <root url="jrt://C:/Program Files/Android/Android Studio/jre!/jdk.management.jfr" type="simple" />
            <root url="jrt://C:/Program Files/Android/Android Studio/jre!/jdk.naming.dns" type="simple" />
            <root url="jrt://C:/Program Files/Android/Android Studio/jre!/jdk.naming.rmi" type="simple" />
            <root url="jrt://C:/Program Files/Android/Android Studio/jre!/jdk.net" type="simple" />
            <root url="jrt://C:/Program Files/Android/Android Studio/jre!/jdk.pack" type="simple" />
            <root url="jrt://C:/Program Files/Android/Android Studio/jre!/jdk.scripting.nashorn" type="simple" />
            <root url="jrt://C:/Program Files/Android/Android Studio/jre!/jdk.scripting.nashorn.shell" type="simple" />
            <root url="jrt://C:/Program Files/Android/Android Studio/jre!/jdk.sctp" type="simple" />
            <root url="jrt://C:/Program Files/Android/Android Studio/jre!/jdk.security.auth" type="simple" />
            <root url="jrt://C:/Program Files/Android/Android Studio/jre!/jdk.security.jgss" type="simple" />
            <root url="jrt://C:/Program Files/Android/Android Studio/jre!/jdk.unsupported" type="simple" />
            <root url="jrt://C:/Program Files/Android/Android Studio/jre!/jdk.xml.dom" type="simple" />
            <root url="jrt://C:/Program Files/Android/Android Studio/jre!/jdk.zipfs" type="simple" />
          </root>
        </classPath>
        <javadocPath>
          <root type="composite" />
        </javadocPath>
        <sourcePath>
          <root type="composite" />
        </sourcePath>
      </roots>
      <additional />
    </jdk>
    <jdk version="2">
      <name value="Android Studio default JDK" />
      <type value="JavaSDK" />
      <version value="version 11.0.10" />
      <homePath value="$APPLICATION_HOME_DIR$/jre" />
      <roots>
        <annotationsPath>
          <root type="composite">
            <root url="jar://$APPLICATION_HOME_DIR$/plugins/java/lib/jdkAnnotations.jar!/" type="simple" />
          </root>
        </annotationsPath>
        <classPath>
          <root type="composite">
            <root url="jrt://D:/AdnroidStudio/jre!/java.base" type="simple" />
            <root url="jrt://D:/AdnroidStudio/jre!/java.compiler" type="simple" />
            <root url="jrt://D:/AdnroidStudio/jre!/java.datatransfer" type="simple" />
            <root url="jrt://D:/AdnroidStudio/jre!/java.desktop" type="simple" />
            <root url="jrt://D:/AdnroidStudio/jre!/java.instrument" type="simple" />
            <root url="jrt://D:/AdnroidStudio/jre!/java.logging" type="simple" />
            <root url="jrt://D:/AdnroidStudio/jre!/java.management" type="simple" />
            <root url="jrt://D:/AdnroidStudio/jre!/java.management.rmi" type="simple" />
            <root url="jrt://D:/AdnroidStudio/jre!/java.naming" type="simple" />
            <root url="jrt://D:/AdnroidStudio/jre!/java.net.http" type="simple" />
            <root url="jrt://D:/AdnroidStudio/jre!/java.prefs" type="simple" />
            <root url="jrt://D:/AdnroidStudio/jre!/java.rmi" type="simple" />
            <root url="jrt://D:/AdnroidStudio/jre!/java.scripting" type="simple" />
            <root url="jrt://D:/AdnroidStudio/jre!/java.se" type="simple" />
            <root url="jrt://D:/AdnroidStudio/jre!/java.security.jgss" type="simple" />
            <root url="jrt://D:/AdnroidStudio/jre!/java.security.sasl" type="simple" />
            <root url="jrt://D:/AdnroidStudio/jre!/java.smartcardio" type="simple" />
            <root url="jrt://D:/AdnroidStudio/jre!/java.sql" type="simple" />
            <root url="jrt://D:/AdnroidStudio/jre!/java.sql.rowset" type="simple" />
            <root url="jrt://D:/AdnroidStudio/jre!/java.transaction.xa" type="simple" />
            <root url="jrt://D:/AdnroidStudio/jre!/java.xml" type="simple" />
            <root url="jrt://D:/AdnroidStudio/jre!/java.xml.crypto" type="simple" />
            <root url="jrt://D:/AdnroidStudio/jre!/jdk.accessibility" type="simple" />
            <root url="jrt://D:/AdnroidStudio/jre!/jdk.aot" type="simple" />
            <root url="jrt://D:/AdnroidStudio/jre!/jdk.attach" type="simple" />
            <root url="jrt://D:/AdnroidStudio/jre!/jdk.charsets" type="simple" />
            <root url="jrt://D:/AdnroidStudio/jre!/jdk.compiler" type="simple" />
            <root url="jrt://D:/AdnroidStudio/jre!/jdk.crypto.cryptoki" type="simple" />
            <root url="jrt://D:/AdnroidStudio/jre!/jdk.crypto.ec" type="simple" />
            <root url="jrt://D:/AdnroidStudio/jre!/jdk.dynalink" type="simple" />
            <root url="jrt://D:/AdnroidStudio/jre!/jdk.hotspot.agent" type="simple" />
            <root url="jrt://D:/AdnroidStudio/jre!/jdk.httpserver" type="simple" />
            <root url="jrt://D:/AdnroidStudio/jre!/jdk.internal.ed" type="simple" />
            <root url="jrt://D:/AdnroidStudio/jre!/jdk.internal.jvmstat" type="simple" />
            <root url="jrt://D:/AdnroidStudio/jre!/jdk.internal.le" type="simple" />
            <root url="jrt://D:/AdnroidStudio/jre!/jdk.internal.opt" type="simple" />
            <root url="jrt://D:/AdnroidStudio/jre!/jdk.internal.vm.ci" type="simple" />
            <root url="jrt://D:/AdnroidStudio/jre!/jdk.internal.vm.compiler" type="simple" />
            <root url="jrt://D:/AdnroidStudio/jre!/jdk.internal.vm.compiler.management" type="simple" />
            <root url="jrt://D:/AdnroidStudio/jre!/jdk.jartool" type="simple" />
            <root url="jrt://D:/AdnroidStudio/jre!/jdk.javadoc" type="simple" />
            <root url="jrt://D:/AdnroidStudio/jre!/jdk.jdeps" type="simple" />
            <root url="jrt://D:/AdnroidStudio/jre!/jdk.jdi" type="simple" />
            <root url="jrt://D:/AdnroidStudio/jre!/jdk.jdwp.agent" type="simple" />
            <root url="jrt://D:/AdnroidStudio/jre!/jdk.jfr" type="simple" />
            <root url="jrt://D:/AdnroidStudio/jre!/jdk.jlink" type="simple" />
            <root url="jrt://D:/AdnroidStudio/jre!/jdk.jsobject" type="simple" />
            <root url="jrt://D:/AdnroidStudio/jre!/jdk.localedata" type="simple" />
            <root url="jrt://D:/AdnroidStudio/jre!/jdk.management" type="simple" />
            <root url="jrt://D:/AdnroidStudio/jre!/jdk.management.agent" type="simple" />
            <root url="jrt://D:/AdnroidStudio/jre!/jdk.management.jfr" type="simple" />
            <root url="jrt://D:/AdnroidStudio/jre!/jdk.naming.dns" type="simple" />
            <root url="jrt://D:/AdnroidStudio/jre!/jdk.naming.rmi" type="simple" />
            <root url="jrt://D:/AdnroidStudio/jre!/jdk.net" type="simple" />
            <root url="jrt://D:/AdnroidStudio/jre!/jdk.pack" type="simple" />
            <root url="jrt://D:/AdnroidStudio/jre!/jdk.scripting.nashorn" type="simple" />
            <root url="jrt://D:/AdnroidStudio/jre!/jdk.scripting.nashorn.shell" type="simple" />
            <root url="jrt://D:/AdnroidStudio/jre!/jdk.sctp" type="simple" />
            <root url="jrt://D:/AdnroidStudio/jre!/jdk.security.auth" type="simple" />
            <root url="jrt://D:/AdnroidStudio/jre!/jdk.security.jgss" type="simple" />
            <root url="jrt://D:/AdnroidStudio/jre!/jdk.unsupported" type="simple" />
            <root url="jrt://D:/AdnroidStudio/jre!/jdk.xml.dom" type="simple" />
            <root url="jrt://D:/AdnroidStudio/jre!/jdk.zipfs" type="simple" />
          </root>
        </classPath>
        <javadocPath>
          <root type="composite" />
        </javadocPath>
        <sourcePath>
          <root type="composite" />
        </sourcePath>
      </roots>
      <additional />
    </jdk>
    <jdk version="2">
      <name value="Android Studio java home" />
      <type value="JavaSDK" />
      <version value="version 11.0.10" />
      <homePath value="$APPLICATION_HOME_DIR$/jre" />
      <roots>
        <annotationsPath>
          <root type="composite">
            <root url="jar://$APPLICATION_HOME_DIR$/plugins/java/lib/jdkAnnotations.jar!/" type="simple" />
          </root>
        </annotationsPath>
        <classPath>
          <root type="composite">
            <root url="jrt://D:/AdnroidStudio/jre!/java.base" type="simple" />
            <root url="jrt://D:/AdnroidStudio/jre!/java.compiler" type="simple" />
            <root url="jrt://D:/AdnroidStudio/jre!/java.datatransfer" type="simple" />
            <root url="jrt://D:/AdnroidStudio/jre!/java.desktop" type="simple" />
            <root url="jrt://D:/AdnroidStudio/jre!/java.instrument" type="simple" />
            <root url="jrt://D:/AdnroidStudio/jre!/java.logging" type="simple" />
            <root url="jrt://D:/AdnroidStudio/jre!/java.management" type="simple" />
            <root url="jrt://D:/AdnroidStudio/jre!/java.management.rmi" type="simple" />
            <root url="jrt://D:/AdnroidStudio/jre!/java.naming" type="simple" />
            <root url="jrt://D:/AdnroidStudio/jre!/java.net.http" type="simple" />
            <root url="jrt://D:/AdnroidStudio/jre!/java.prefs" type="simple" />
            <root url="jrt://D:/AdnroidStudio/jre!/java.rmi" type="simple" />
            <root url="jrt://D:/AdnroidStudio/jre!/java.scripting" type="simple" />
            <root url="jrt://D:/AdnroidStudio/jre!/java.se" type="simple" />
            <root url="jrt://D:/AdnroidStudio/jre!/java.security.jgss" type="simple" />
            <root url="jrt://D:/AdnroidStudio/jre!/java.security.sasl" type="simple" />
            <root url="jrt://D:/AdnroidStudio/jre!/java.smartcardio" type="simple" />
            <root url="jrt://D:/AdnroidStudio/jre!/java.sql" type="simple" />
            <root url="jrt://D:/AdnroidStudio/jre!/java.sql.rowset" type="simple" />
            <root url="jrt://D:/AdnroidStudio/jre!/java.transaction.xa" type="simple" />
            <root url="jrt://D:/AdnroidStudio/jre!/java.xml" type="simple" />
            <root url="jrt://D:/AdnroidStudio/jre!/java.xml.crypto" type="simple" />
            <root url="jrt://D:/AdnroidStudio/jre!/jdk.accessibility" type="simple" />
            <root url="jrt://D:/AdnroidStudio/jre!/jdk.aot" type="simple" />
            <root url="jrt://D:/AdnroidStudio/jre!/jdk.attach" type="simple" />
            <root url="jrt://D:/AdnroidStudio/jre!/jdk.charsets" type="simple" />
            <root url="jrt://D:/AdnroidStudio/jre!/jdk.compiler" type="simple" />
            <root url="jrt://D:/AdnroidStudio/jre!/jdk.crypto.cryptoki" type="simple" />
            <root url="jrt://D:/AdnroidStudio/jre!/jdk.crypto.ec" type="simple" />
            <root url="jrt://D:/AdnroidStudio/jre!/jdk.dynalink" type="simple" />
            <root url="jrt://D:/AdnroidStudio/jre!/jdk.hotspot.agent" type="simple" />
            <root url="jrt://D:/AdnroidStudio/jre!/jdk.httpserver" type="simple" />
            <root url="jrt://D:/AdnroidStudio/jre!/jdk.internal.ed" type="simple" />
            <root url="jrt://D:/AdnroidStudio/jre!/jdk.internal.jvmstat" type="simple" />
            <root url="jrt://D:/AdnroidStudio/jre!/jdk.internal.le" type="simple" />
            <root url="jrt://D:/AdnroidStudio/jre!/jdk.internal.opt" type="simple" />
            <root url="jrt://D:/AdnroidStudio/jre!/jdk.internal.vm.ci" type="simple" />
            <root url="jrt://D:/AdnroidStudio/jre!/jdk.internal.vm.compiler" type="simple" />
            <root url="jrt://D:/AdnroidStudio/jre!/jdk.internal.vm.compiler.management" type="simple" />
            <root url="jrt://D:/AdnroidStudio/jre!/jdk.jartool" type="simple" />
            <root url="jrt://D:/AdnroidStudio/jre!/jdk.javadoc" type="simple" />
            <root url="jrt://D:/AdnroidStudio/jre!/jdk.jdeps" type="simple" />
            <root url="jrt://D:/AdnroidStudio/jre!/jdk.jdi" type="simple" />
            <root url="jrt://D:/AdnroidStudio/jre!/jdk.jdwp.agent" type="simple" />
            <root url="jrt://D:/AdnroidStudio/jre!/jdk.jfr" type="simple" />
            <root url="jrt://D:/AdnroidStudio/jre!/jdk.jlink" type="simple" />
            <root url="jrt://D:/AdnroidStudio/jre!/jdk.jsobject" type="simple" />
            <root url="jrt://D:/AdnroidStudio/jre!/jdk.localedata" type="simple" />
            <root url="jrt://D:/AdnroidStudio/jre!/jdk.management" type="simple" />
            <root url="jrt://D:/AdnroidStudio/jre!/jdk.management.agent" type="simple" />
            <root url="jrt://D:/AdnroidStudio/jre!/jdk.management.jfr" type="simple" />
            <root url="jrt://D:/AdnroidStudio/jre!/jdk.naming.dns" type="simple" />
            <root url="jrt://D:/AdnroidStudio/jre!/jdk.naming.rmi" type="simple" />
            <root url="jrt://D:/AdnroidStudio/jre!/jdk.net" type="simple" />
            <root url="jrt://D:/AdnroidStudio/jre!/jdk.pack" type="simple" />
            <root url="jrt://D:/AdnroidStudio/jre!/jdk.scripting.nashorn" type="simple" />
            <root url="jrt://D:/AdnroidStudio/jre!/jdk.scripting.nashorn.shell" type="simple" />
            <root url="jrt://D:/AdnroidStudio/jre!/jdk.sctp" type="simple" />
            <root url="jrt://D:/AdnroidStudio/jre!/jdk.security.auth" type="simple" />
            <root url="jrt://D:/AdnroidStudio/jre!/jdk.security.jgss" type="simple" />
            <root url="jrt://D:/AdnroidStudio/jre!/jdk.unsupported" type="simple" />
            <root url="jrt://D:/AdnroidStudio/jre!/jdk.xml.dom" type="simple" />
            <root url="jrt://D:/AdnroidStudio/jre!/jdk.zipfs" type="simple" />
          </root>
        </classPath>
        <javadocPath>
          <root type="composite" />
        </javadocPath>
        <sourcePath>
          <root type="composite" />
        </sourcePath>
      </roots>
      <additional />
    </jdk>
    <jdk version="2">
      <name value="Android API 27 Platform" />
      <type value="Android SDK" />
      <version value="version 11.0.10" />
      <homePath value="$USER_HOME$/AppData/Local/Android/Sdk" />
      <roots>
        <annotationsPath>
          <root type="composite">
            <root url="jar://$APPLICATION_HOME_DIR$/plugins/android/resources/androidAnnotations.jar!/" type="simple" />
          </root>
        </annotationsPath>
        <classPath>
          <root type="composite">
            <root url="jar://$USER_HOME$/AppData/Local/Android/Sdk/platforms/android-27/android.jar!/" type="simple" />
            <root url="file://$USER_HOME$/AppData/Local/Android/Sdk/platforms/android-27/data/res" type="simple" />
          </root>
        </classPath>
        <javadocPath>
          <root type="composite" />
        </javadocPath>
        <sourcePath>
          <root type="composite">
            <root url="file://$USER_HOME$/AppData/Local/Android/Sdk/sources/android-27" type="simple" />
          </root>
        </sourcePath>
      </roots>
      <additional jdk="Android Studio default JDK" sdk="android-27" />
    </jdk>
    <jdk version="2">
      <name value="Android API 23 Platform" />
      <type value="Android SDK" />
      <version value="version 11.0.10" />
      <homePath value="$USER_HOME$/AppData/Local/Android/Sdk" />
      <roots>
        <annotationsPath>
          <root type="composite">
            <root url="jar://$APPLICATION_HOME_DIR$/plugins/android/resources/androidAnnotations.jar!/" type="simple" />
          </root>
        </annotationsPath>
        <classPath>
          <root type="composite">
            <root url="jar://$USER_HOME$/AppData/Local/Android/Sdk/platforms/android-23/android.jar!/" type="simple" />
            <root url="file://$USER_HOME$/AppData/Local/Android/Sdk/platforms/android-23/data/res" type="simple" />
          </root>
        </classPath>
        <javadocPath>
          <root type="composite" />
        </javadocPath>
        <sourcePath>
          <root type="composite">
            <root url="file://$USER_HOME$/AppData/Local/Android/Sdk/sources/android-23" type="simple" />
          </root>
        </sourcePath>
      </roots>
      <additional jdk="Android Studio default JDK" sdk="android-23" />
    </jdk>
    <jdk version="2">
      <name value="Android API 22 Platform" />
      <type value="Android SDK" />
      <version value="version 11.0.10" />
      <homePath value="$USER_HOME$/AppData/Local/Android/Sdk" />
      <roots>
        <annotationsPath>
          <root type="composite">
            <root url="jar://$APPLICATION_HOME_DIR$/plugins/android/resources/androidAnnotations.jar!/" type="simple" />
          </root>
        </annotationsPath>
        <classPath>
          <root type="composite">
            <root url="jar://$USER_HOME$/AppData/Local/Android/Sdk/platforms/android-22/android.jar!/" type="simple" />
            <root url="file://$USER_HOME$/AppData/Local/Android/Sdk/platforms/android-22/data/res" type="simple" />
          </root>
        </classPath>
        <javadocPath>
          <root type="composite">
            <root url="http://developer.android.com/reference/" type="simple" />
          </root>
        </javadocPath>
        <sourcePath>
          <root type="composite" />
        </sourcePath>
      </roots>
      <additional jdk="Android Studio default JDK" sdk="android-22" />
    </jdk>
    <jdk version="2">
      <name value="Android API 32 Platform" />
      <type value="Android SDK" />
      <version value="version 11.0.10" />
      <homePath value="$USER_HOME$/AppData/Local/Android/Sdk" />
      <roots>
        <annotationsPath>
          <root type="composite">
            <root url="jar://$USER_HOME$/AppData/Local/Android/Sdk/platforms/android-32/data/annotations.zip!/" type="simple" />
          </root>
        </annotationsPath>
        <classPath>
          <root type="composite">
            <root url="jar://$USER_HOME$/AppData/Local/Android/Sdk/platforms/android-32/android.jar!/" type="simple" />
            <root url="file://$USER_HOME$/AppData/Local/Android/Sdk/platforms/android-32/data/res" type="simple" />
          </root>
        </classPath>
        <javadocPath>
          <root type="composite">
            <root url="http://developer.android.com/reference/" type="simple" />
          </root>
        </javadocPath>
        <sourcePath>
          <root type="composite" />
        </sourcePath>
      </roots>
      <additional jdk="Android Studio default JDK" sdk="android-32" />
    </jdk>
    <jdk version="2">
      <name value="1.8" />
      <type value="JavaSDK" />
      <version value="java version &quot;1.8.0_333&quot;" />
      <homePath value="$USER_HOME$/.jdks/liberica-1.8.0_333" />
      <roots>
        <annotationsPath>
          <root type="composite">
            <root url="jar://$APPLICATION_HOME_DIR$/plugins/java/lib/jdkAnnotations.jar!/" type="simple" />
          </root>
        </annotationsPath>
        <classPath>
          <root type="composite">
            <root url="jar://$USER_HOME$/.jdks/liberica-1.8.0_333/jre/lib/charsets.jar!/" type="simple" />
            <root url="jar://$USER_HOME$/.jdks/liberica-1.8.0_333/jre/lib/ext/access-bridge-64.jar!/" type="simple" />
            <root url="jar://$USER_HOME$/.jdks/liberica-1.8.0_333/jre/lib/ext/cldrdata.jar!/" type="simple" />
            <root url="jar://$USER_HOME$/.jdks/liberica-1.8.0_333/jre/lib/ext/dnsns.jar!/" type="simple" />
            <root url="jar://$USER_HOME$/.jdks/liberica-1.8.0_333/jre/lib/ext/jaccess.jar!/" type="simple" />
            <root url="jar://$USER_HOME$/.jdks/liberica-1.8.0_333/jre/lib/ext/jfxrt.jar!/" type="simple" />
            <root url="jar://$USER_HOME$/.jdks/liberica-1.8.0_333/jre/lib/ext/localedata.jar!/" type="simple" />
            <root url="jar://$USER_HOME$/.jdks/liberica-1.8.0_333/jre/lib/ext/nashorn.jar!/" type="simple" />
            <root url="jar://$USER_HOME$/.jdks/liberica-1.8.0_333/jre/lib/ext/sunec.jar!/" type="simple" />
            <root url="jar://$USER_HOME$/.jdks/liberica-1.8.0_333/jre/lib/ext/sunjce_provider.jar!/" type="simple" />
            <root url="jar://$USER_HOME$/.jdks/liberica-1.8.0_333/jre/lib/ext/sunmscapi.jar!/" type="simple" />
            <root url="jar://$USER_HOME$/.jdks/liberica-1.8.0_333/jre/lib/ext/sunpkcs11.jar!/" type="simple" />
            <root url="jar://$USER_HOME$/.jdks/liberica-1.8.0_333/jre/lib/ext/zipfs.jar!/" type="simple" />
            <root url="jar://$USER_HOME$/.jdks/liberica-1.8.0_333/jre/lib/jce.jar!/" type="simple" />
            <root url="jar://$USER_HOME$/.jdks/liberica-1.8.0_333/jre/lib/jfr.jar!/" type="simple" />
            <root url="jar://$USER_HOME$/.jdks/liberica-1.8.0_333/jre/lib/jfxswt.jar!/" type="simple" />
            <root url="jar://$USER_HOME$/.jdks/liberica-1.8.0_333/jre/lib/jsse.jar!/" type="simple" />
            <root url="jar://$USER_HOME$/.jdks/liberica-1.8.0_333/jre/lib/management-agent.jar!/" type="simple" />
            <root url="jar://$USER_HOME$/.jdks/liberica-1.8.0_333/jre/lib/resources.jar!/" type="simple" />
            <root url="jar://$USER_HOME$/.jdks/liberica-1.8.0_333/jre/lib/rt.jar!/" type="simple" />
          </root>
        </classPath>
        <javadocPath>
          <root type="composite" />
        </javadocPath>
        <sourcePath>
          <root type="composite">
            <root url="jar://$USER_HOME$/.jdks/liberica-1.8.0_333/src.zip!/" type="simple" />
          </root>
        </sourcePath>
      </roots>
      <additional />
    </jdk>
  </component>
</application>