<application>
  <component name="ActionMacroManager">
    <macro name="declaring_1">
      <typing text-keycode="83:1;84:0;82:0;73:0;78:0;71:0;32:0;78:0;65:0;44:0;69:0">String&amp;#x20;na,e</typing>
      <action id="EditorBackSpace" />
      <action id="EditorBackSpace" />
      <typing text-keycode="77:0;69:0;32:0;61:0;32:0;222:1;82:1;79:0;72:0;73:0;84:0">me&amp;#x20;=&amp;#x20;&quot;Rohit</typing>
      <action id="EditorLineEnd" />
      <typing text-keycode="59:0">;</typing>
    </macro>
    <macro name="AppSyncDirectResponseListen">
      <typing text-keycode="65:1;80:0;80:0;83:1">AppS</typing>
      <action id="EditorChooseLookupItem" />
      <typing text-keycode="32:0;65:0;83:0;32:0;61:0;32:0;78:0;69:0;87:0;32:0;65:1">&amp;#x20;as&amp;#x20;=&amp;#x20;new&amp;#x20;A</typing>
      <action id="EditorChooseLookupItem" />
      <typing text-keycode="84:0;72:0">th</typing>
      <action id="EditorChooseLookupItem" />
      <action id="EditorLineEnd" />
      <typing text-keycode="59:0">;</typing>
      <action id="EditorEnter" />
      <typing text-keycode="65:0;83:0;46:0">as.</typing>
      <action id="EditorDown" />
      <action id="EditorChooseLookupItem" />
      <typing text-keycode="78:0;69:0;87:0;32:0;65:1">new&amp;#x20;A</typing>
      <action id="EditorChooseLookupItem" />
      <action id="EditorDown" />
      <action id="EditorDown" />
      <action id="EditorEnter" />
      <typing text-keycode="65:0;83:0;46:0">as.</typing>
      <action id="EditorDown" />
      <action id="EditorChooseLookupItem" />
      <typing text-keycode="65:1;68:0">Ad</typing>
      <action id="EditorChooseLookupItem" />
      <typing text-keycode="46:0;66:1;65:1">.BA</typing>
      <action id="EditorChooseLookupItem" />
      <typing text-keycode="32:0;222:1;32:0">&amp;#x20;&quot;&amp;#x20;</typing>
      <action id="EditorRight" />
      <action id="EditorLeft" />
      <action id="EditorBackSpace" />
      <action id="EditorRight" />
      <typing text-keycode="32:0;107:0;32:0">&amp;#x20;+&amp;#x20;</typing>
      <action id="EditorBackSpace" />
      <action id="EditorBackSpace" />
      <action id="EditorBackSpace" />
      <typing text-keycode="44:0;32:0;222:1;70:1;70:1;70:1;100:0;100:0;100:0">,&amp;#x20;&quot;FFF444</typing>
      <action id="EditorPreviousWordWithSelection" />
      <action id="EditorCopy" />
      <action id="EditorUp" />
      <action id="EditorUp" />
      <action id="EditorUp" />
      <typing text-keycode="73:0;70:0">if</typing>
      <action id="EditorChooseLookupItem" />
      <typing text-keycode="68:0;65:0">da</typing>
      <action id="EditorChooseLookupItem" />
      <typing text-keycode="46:0;69:0;81:0">.eq</typing>
      <action id="EditorChooseLookupItem" />
      <typing text-keycode="222:1">&quot;</typing>
      <action id="EditorPaste" />
      <action id="EditorLineEnd" />
      <action id="EditorEnter" />
      <typing text-keycode="91:1">{</typing>
      <action id="EditorEnter" />
      <typing text-keycode="84:0;82:0">tr</typing>
      <action id="EditorChooseLookupItem" />
      <action id="EditorDown" />
      <action id="EditorEnter" />
      <typing text-keycode="67:0;65:0">ca</typing>
      <action id="EditorChooseLookupItem" />
      <typing text-keycode="69:1">E</typing>
      <action id="EditorChooseLookupItem" />
      <typing text-keycode="32:0;67:0">&amp;#x20;c</typing>
      <action id="EditorRight" />
      <action id="EditorEnter" />
      <typing text-keycode="91:1">{</typing>
      <action id="EditorEnter" />
      <typing text-keycode="76:1;79:0;71:0;46:0;87:0;84:0">Log.wt</typing>
      <action id="EditorChooseLookupItem" />
      <typing text-keycode="222:1;100:0;97:0">&quot;41</typing>
      <action id="EditorBackSpace" />
      <action id="EditorBackSpace" />
      <typing text-keycode="72:1;85:0;76:0;75:0;45:0;97:0;103:0;96:0">Hulk-170</typing>
      <action id="EditorRight" />
      <typing text-keycode="44:0;32:0;67:0;46:0;71:0;69:0;84:0">,&amp;#x20;c.get</typing>
      <action id="EditorChooseLookupItem" />
      <action id="EditorLineEnd" />
      <typing text-keycode="59:0">;</typing>
      <action id="SaveAll" />
      <typing text-keycode="32:0;107:0">&amp;#x20;+</typing>
    </macro>
    <macro name="AppSyncDirectListen">
      <typing text-keycode="65:1;80:0;80:0;83:1;89:0;78:0;67:0;68:1;73:0;82:0;69:0;67:0;84:0;82:1;69:0;83:0;80:0;79:0;83:0;69:0">AppSyncDirectRespose</typing>
      <action id="EditorBackSpace" />
      <action id="EditorBackSpace" />
      <typing text-keycode="78:0;83:0;69:0;76:1;73:0;83:0;84:0;69:0;78:0;32:0;65:0;83:0;32:0;61:0;32:0;78:0;69:0;87:0;32:0;65:1;80:0;80:0;83:1;89:0;78:0;67:0;68:1;73:0;82:0;69:0;67:0;84:0;82:1;69:0;83:0;80:0;79:0;78:0;83:0;69:0;76:1;73:0">nseListen&amp;#x20;as&amp;#x20;=&amp;#x20;new&amp;#x20;AppSyncDirectResponseLi</typing>
      <action id="EditorChooseLookupItem" />
      <typing text-keycode="84:0;72:0">th</typing>
      <action id="EditorChooseLookupItem" />
      <action id="EditorLineEnd" />
      <typing text-keycode="59:0">;</typing>
      <action id="EditorEnter" />
      <typing text-keycode="65:0;83:0;46:0;71:0;69:0;84:0;82:1;69:0;83:0;80:0;79:0;78:0;83:0;69:0">as.getResponse</typing>
      <action id="EditorBackSpace" />
      <typing text-keycode="69:0;70:1;82:0;79:0;77:0">eFrom</typing>
      <action id="EditorChooseLookupItem" />
      <typing text-keycode="78:0;69:0;87:0;32:0;65:1;80:0;80:0;83:1;89:0;78:0;67:0;68:1;73:0;82:0;69:0;67:0;84:0;82:1;69:0;83:0">new&amp;#x20;AppSyncDirectRes</typing>
      <action id="EditorChooseLookupItem" />
      <action id="EditorDown" />
      <action id="EditorUp" />
      <action id="EditorDown" />
      <action id="EditorDown" />
      <action id="EditorEnter" />
      <typing text-keycode="65:0;83:0;46:0;71:0;69:0;84:0;82:1;69:0;83:0;80:0;79:0;78:0;83:0;69:0;70:1;82:0;79:0;77:0">as.getResponseFrom</typing>
      <action id="EditorDown" />
      <action id="EditorChooseLookupItem" />
      <typing text-keycode="65:1;68:0;77:0">Adm</typing>
      <action id="EditorChooseLookupItem" />
      <typing text-keycode="46:0;66:1;65:1">.BA</typing>
      <action id="EditorChooseLookupItem" />
      <typing text-keycode="32:0;107:0;32:0;222:1">&amp;#x20;+&amp;#x20;&quot;</typing>
      <action id="EditorRight" />
      <typing text-keycode="44:0;32:0;222:1;82:1;82:1;82:1;84:1;84:1;52:1">,&amp;#x20;&quot;RRRTT$</typing>
      <action id="EditorBackSpace" />
      <typing text-keycode="52:0;52:0;51:0">443</typing>
      <action id="EditorPreviousWordWithSelection" />
      <action id="EditorCopy" />
      <action id="EditorUp" />
      <action id="EditorUp" />
      <action id="EditorUp" />
      <typing text-keycode="73:0;70:0">if</typing>
      <action id="EditorChooseLookupItem" />
      <typing text-keycode="68:0;65:0">da</typing>
      <action id="EditorChooseLookupItem" />
      <typing text-keycode="46:0;69:0;81:0">.eq</typing>
      <action id="EditorChooseLookupItem" />
      <typing text-keycode="222:1">&quot;</typing>
      <action id="EditorPaste" />
      <action id="EditorLineEnd" />
      <action id="EditorEnter" />
      <typing text-keycode="91:1">{</typing>
      <action id="EditorEnter" />
      <action id="SaveAll" />
      <action id="SaveAll" />
      <action id="SaveAll" />
    </macro>
    <macro name="paste">
      <action id="EditorPaste" />
      <action id="SaveAll" />
      <action id="SaveAll" />
    </macro>
  </component>
</application>