<application>
  <component name="ShowUsagesSettings">
    <option name="GROUP_BY_MODULE" value="true" />
    <option name="GROUP_BY_PACKAGE" value="true" />
    <option name="GROUP_BY_USAGE_TYPE" value="true" />
  </component>
  <component name="UsageViewSettings">
    <option name="GROUP_BY_MODULE" value="false" />
    <option name="GROUP_BY_PACKAGE" value="false" />
    <option name="GROUP_BY_USAGE_TYPE" value="false" />
    <option name="PREVIEW_USAGES_SPLITTER_PROPORTIONS" value="0.24859211" />
  </component>
</application>